{
  "author": "Adrian Wardell",
  "name": "angular-timer",
  "version": "1.3.5",
  "homepage": "https://github.com/siddii/angular-timer",
  "description": "Angular-Timer : A simple AngularJS directive demonstrating re-usability & interoperability",
  "repository": {
    "type": "git",
    "url": "git://github.com/siddii/angular-timer.git"
  },
  "dependencies": {
    "angular": ">= 1.0.7",
    "moment": "~2.9.0",
    "humanize-duration": "~3.10.0"
  },
  "devDependencies": {
    "bootstrap": "2.3.2",
    "angular-scenario": ">= 1.0.7",
    "angular-mocks": ">= 1.0.7"
  },
  "main": "./dist/angular-timer.js",
  "ignore": [
    "node_modules",
    "bower_components"
  ],
  "resolutions": {
    "moment": "~2.9.0"
  },
  "_release": "1.3.5",
  "_resolution": {
    "type": "version",
    "tag": "1.3.5",
    "commit": "5ffe343e0fcb0d125318fce95bdde3e79cb3e80d"
  },
  "_source": "https://github.com/siddii/angular-timer.git",
  "_target": "^1.3.5",
  "_originalSource": "angular-timer",
  "_direct": true
}